PID,MS SubClass,MS Zoning,Lot Frontage,Lot Area,Street,Alley,Lot Shape,Land Contour,Utilities,Lot Config,Land Slope,Neighborhood,Condition 1,Condition 2,Bldg Type,House Style,Overall Qual,Overall Cond,Year Built,Year Remod/Add,Roof Style,Roof Matl,Exterior 1st,Exterior 2nd,Mas Vnr Type,Mas Vnr Area,Exter Qual,Exter Cond,Foundation,Bsmt Qual,Bsmt Cond,Bsmt Exposure,BsmtFin Type 1,BsmtFin SF 1,BsmtFin Type 2,BsmtFin SF 2,Bsmt Unf SF,Total Bsmt SF,Heating,Heating QC,Central Air,Electrical,1st Flr SF,2nd Flr SF,Low Qual Fin SF,Gr Liv Area,Bsmt Full Bath,Bsmt Half Bath,Full Bath,Half Bath,Bedroom AbvGr,Kitchen AbvGr,Kitchen Qual,TotRms AbvGrd,Functional,Fireplaces,Fireplace Qu,Garage Type,Garage Yr Blt,Garage Finish,Garage Cars,Garage Area,Garage Qual,Garage Cond,Paved Drive,Wood Deck SF,Open Porch SF,Enclosed Porch,3Ssn Porch,Screen Porch,Pool Area,Pool QC,Fence,Misc Feature,Misc Val,Mo Sold,Yr Sold,Sale Type,Sale Condition,SalePrice
526301100,20,RL,141.0,31770,Pave,,IR1,Lvl,AllPub,Corner,Gtl,NAmes,Norm,Norm,1Fam,1Story,6,5,1960,1960,Hip,CompShg,BrkFace,Plywood,Stone,112.0,TA,TA,CBlock,TA,Gd,Gd,BLQ,639.0,Unf,0.0,441.0,1080.0,GasA,Fa,Y,SBrkr,1656,0,0,1656,1.0,0.0,1,0,3,1,TA,7,Typ,2,Gd,Attchd,1960.0,Fin,2.0,528.0,TA,TA,P,210,62,0,0,0,0,,,,0,5,2010,WD ,Normal,215000
526350040,20,RH,80.0,11622,Pave,,Reg,Lvl,AllPub,Inside,Gtl,NAmes,Feedr,Norm,1Fam,1Story,5,6,1961,1961,Gable,CompShg,VinylSd,VinylSd,,0.0,TA,TA,CBlock,TA,TA,No,Rec,468.0,LwQ,144.0,270.0,882.0,GasA,TA,Y,SBrkr,896,0,0,896,0.0,0.0,1,0,2,1,TA,5,Typ,0,,Attchd,1961.0,Unf,1.0,730.0,TA,TA,Y,140,0,0,0,120,0,,MnPrv,,0,6,2010,WD ,Normal,105000
526351010,20,RL,81.0,14267,Pave,,IR1,Lvl,AllPub,Corner,Gtl,NAmes,Norm,Norm,1Fam,1Story,6,6,1958,1958,Hip,CompShg,Wd Sdng,Wd Sdng,BrkFace,108.0,TA,TA,CBlock,TA,TA,No,ALQ,923.0,Unf,0.0,406.0,1329.0,GasA,TA,Y,SBrkr,1329,0,0,1329,0.0,0.0,1,1,3,1,Gd,6,Typ,0,,Attchd,1958.0,Unf,1.0,312.0,TA,TA,Y,393,36,0,0,0,0,,,Gar2,12500,6,2010,WD ,Normal,172000
526353030,20,RL,93.0,11160,Pave,,Reg,Lvl,AllPub,Corner,Gtl,NAmes,Norm,Norm,1Fam,1Story,7,5,1968,1968,Hip,CompShg,BrkFace,BrkFace,,0.0,Gd,TA,CBlock,TA,TA,No,ALQ,1065.0,Unf,0.0,1045.0,2110.0,GasA,Ex,Y,SBrkr,2110,0,0,2110,1.0,0.0,2,1,3,1,Ex,8,Typ,2,TA,Attchd,1968.0,Fin,2.0,522.0,TA,TA,Y,0,0,0,0,0,0,,,,0,4,2010,WD ,Normal,244000
527105010,60,RL,74.0,13830,Pave,,IR1,Lvl,AllPub,Inside,Gtl,Gilbert,Norm,Norm,1Fam,2Story,5,5,1997,1998,Gable,CompShg,VinylSd,VinylSd,,0.0,TA,TA,PConc,Gd,TA,No,GLQ,791.0,Unf,0.0,137.0,928.0,GasA,Gd,Y,SBrkr,928,701,0,1629,0.0,0.0,2,1,3,1,TA,6,Typ,1,TA,Attchd,1997.0,Fin,2.0,482.0,TA,TA,Y,212,34,0,0,0,0,,MnPrv,,0,3,2010,WD ,Normal,189900
527105030,60,RL,78.0,9978,Pave,,IR1,Lvl,AllPub,Inside,Gtl,Gilbert,Norm,Norm,1Fam,2Story,6,6,1998,1998,Gable,CompShg,VinylSd,VinylSd,BrkFace,20.0,TA,TA,PConc,TA,TA,No,GLQ,602.0,Unf,0.0,324.0,926.0,GasA,Ex,Y,SBrkr,926,678,0,1604,0.0,0.0,2,1,3,1,Gd,7,Typ,1,Gd,Attchd,1998.0,Fin,2.0,470.0,TA,TA,Y,360,36,0,0,0,0,,,,0,6,2010,WD ,Normal,195500
527127150,120,RL,41.0,4920,Pave,,Reg,Lvl,AllPub,Inside,Gtl,StoneBr,Norm,Norm,TwnhsE,1Story,8,5,2001,2001,Gable,CompShg,CemntBd,CmentBd,,0.0,Gd,TA,PConc,Gd,TA,Mn,GLQ,616.0,Unf,0.0,722.0,1338.0,GasA,Ex,Y,SBrkr,1338,0,0,1338,1.0,0.0,2,0,2,1,Gd,6,Typ,0,,Attchd,2001.0,Fin,2.0,582.0,TA,TA,Y,0,0,170,0,0,0,,,,0,4,2010,WD ,Normal,213500
527145080,120,RL,43.0,5005,Pave,,IR1,HLS,AllPub,Inside,Gtl,StoneBr,Norm,Norm,TwnhsE,1Story,8,5,1992,1992,Gable,CompShg,HdBoard,HdBoard,,0.0,Gd,TA,PConc,Gd,TA,No,ALQ,263.0,Unf,0.0,1017.0,1280.0,GasA,Ex,Y,SBrkr,1280,0,0,1280,0.0,0.0,2,0,2,1,Gd,5,Typ,0,,Attchd,1992.0,RFn,2.0,506.0,TA,TA,Y,0,82,0,0,144,0,,,,0,1,2010,WD ,Normal,191500
527146030,120,RL,39.0,5389,Pave,,IR1,Lvl,AllPub,Inside,Gtl,StoneBr,Norm,Norm,TwnhsE,1Story,8,5,1995,1996,Gable,CompShg,CemntBd,CmentBd,,0.0,Gd,TA,PConc,Gd,TA,No,GLQ,1180.0,Unf,0.0,415.0,1595.0,GasA,Ex,Y,SBrkr,1616,0,0,1616,1.0,0.0,2,0,2,1,Gd,5,Typ,1,TA,Attchd,1995.0,RFn,2.0,608.0,TA,TA,Y,237,152,0,0,0,0,,,,0,3,2010,WD ,Normal,236500
527162130,60,RL,60.0,7500,Pave,,Reg,Lvl,AllPub,Inside,Gtl,Gilbert,Norm,Norm,1Fam,2Story,7,5,1999,1999,Gable,CompShg,VinylSd,VinylSd,,0.0,TA,TA,PConc,TA,TA,No,Unf,0.0,Unf,0.0,994.0,994.0,GasA,Gd,Y,SBrkr,1028,776,0,1804,0.0,0.0,2,1,3,1,Gd,7,Typ,1,TA,Attchd,1999.0,Fin,2.0,442.0,TA,TA,Y,140,60,0,0,0,0,,,,0,6,2010,WD ,Normal,189000
527163010,60,RL,75.0,10000,Pave,,IR1,Lvl,AllPub,Corner,Gtl,Gilbert,Norm,Norm,1Fam,2Story,6,5,1993,1994,Gable,CompShg,HdBoard,HdBoard,,0.0,TA,TA,PConc,Gd,TA,No,Unf,0.0,Unf,0.0,763.0,763.0,GasA,Gd,Y,SBrkr,763,892,0,1655,0.0,0.0,2,1,3,1,TA,7,Typ,1,TA,Attchd,1993.0,Fin,2.0,440.0,TA,TA,Y,157,84,0,0,0,0,,,,0,4,2010,WD ,Normal,175900
527165230,20,RL,,7980,Pave,,IR1,Lvl,AllPub,Inside,Gtl,Gilbert,Norm,Norm,1Fam,1Story,6,7,1992,2007,Gable,CompShg,HdBoard,HdBoard,,0.0,TA,Gd,PConc,Gd,TA,No,ALQ,935.0,Unf,0.0,233.0,1168.0,GasA,Ex,Y,SBrkr,1187,0,0,1187,1.0,0.0,2,0,3,1,TA,6,Typ,0,,Attchd,1992.0,Fin,2.0,420.0,TA,TA,Y,483,21,0,0,0,0,,GdPrv,Shed,500,3,2010,WD ,Normal,185000
527166040,60,RL,63.0,8402,Pave,,IR1,Lvl,AllPub,Inside,Gtl,Gilbert,Norm,Norm,1Fam,2Story,6,5,1998,1998,Gable,CompShg,VinylSd,VinylSd,,0.0,TA,TA,PConc,Gd,TA,No,Unf,0.0,Unf,0.0,789.0,789.0,GasA,Gd,Y,SBrkr,789,676,0,1465,0.0,0.0,2,1,3,1,TA,7,Typ,1,Gd,Attchd,1998.0,Fin,2.0,393.0,TA,TA,Y,0,75,0,0,0,0,,,,0,5,2010,WD ,Normal,180400
527180040,20,RL,85.0,10176,Pave,,Reg,Lvl,AllPub,Inside,Gtl,Gilbert,Norm,Norm,1Fam,1Story,7,5,1990,1990,Gable,CompShg,HdBoard,HdBoard,,0.0,TA,TA,PConc,Gd,TA,Gd,GLQ,637.0,Unf,0.0,663.0,1300.0,GasA,Gd,Y,SBrkr,1341,0,0,1341,1.0,0.0,1,1,2,1,Gd,5,Typ,1,Po,Attchd,1990.0,Unf,2.0,506.0,TA,TA,Y,192,0,0,0,0,0,,,,0,2,2010,WD ,Normal,171500
527182190,120,RL,,6820,Pave,,IR1,Lvl,AllPub,Corner,Gtl,StoneBr,Norm,Norm,TwnhsE,1Story,8,5,1985,1985,Gable,CompShg,HdBoard,HdBoard,,0.0,Gd,TA,PConc,Gd,TA,Av,GLQ,368.0,BLQ,1120.0,0.0,1488.0,GasA,TA,Y,SBrkr,1502,0,0,1502,1.0,0.0,1,1,1,1,Gd,4,Typ,0,,Attchd,1985.0,RFn,2.0,528.0,TA,TA,Y,0,54,0,0,140,0,,,,0,6,2010,WD ,Normal,212000
527216070,60,RL,47.0,53504,Pave,,IR2,HLS,AllPub,CulDSac,Mod,StoneBr,Norm,Norm,1Fam,2Story,8,5,2003,2003,Hip,CompShg,CemntBd,Wd Shng,BrkFace,603.0,Ex,TA,PConc,Gd,TA,Gd,ALQ,1416.0,Unf,0.0,234.0,1650.0,GasA,Ex,Y,SBrkr,1690,1589,0,3279,1.0,0.0,3,1,4,1,Ex,12,Mod,1,Gd,BuiltIn,2003.0,Fin,3.0,841.0,TA,TA,Y,503,36,0,0,210,0,,,,0,6,2010,WD ,Normal,538000
527225035,50,RL,152.0,12134,Pave,,IR1,Bnk,AllPub,Inside,Mod,Gilbert,Norm,Norm,1Fam,1.5Fin,8,7,1988,2005,Gable,CompShg,Wd Sdng,Wd Sdng,,0.0,Gd,TA,Wood,Gd,TA,Av,GLQ,427.0,Unf,0.0,132.0,559.0,GasA,Gd,Y,SBrkr,1080,672,0,1752,0.0,0.0,2,0,4,1,TA,8,Typ,0,,Basment,1988.0,RFn,2.0,492.0,TA,TA,Y,325,12,0,0,0,0,,,,0,6,2010,WD ,Normal,164000
527258010,20,RL,88.0,11394,Pave,,Reg,Lvl,AllPub,Corner,Gtl,StoneBr,Norm,Norm,1Fam,1Story,9,2,2010,2010,Hip,CompShg,VinylSd,VinylSd,Stone,350.0,Gd,TA,PConc,Ex,TA,Av,GLQ,1445.0,Unf,0.0,411.0,1856.0,GasA,Ex,Y,SBrkr,1856,0,0,1856,1.0,0.0,1,1,1,1,Ex,8,Typ,1,Ex,Attchd,2010.0,Fin,3.0,834.0,TA,TA,Y,113,0,0,0,0,0,,,,0,6,2010,New,Partial,394432
527276150,20,RL,140.0,19138,Pave,,Reg,Lvl,AllPub,Corner,Gtl,Gilbert,Norm,Norm,1Fam,1Story,4,5,1951,1951,Gable,CompShg,VinylSd,VinylSd,,0.0,TA,TA,CBlock,TA,TA,No,LwQ,120.0,Unf,0.0,744.0,864.0,GasA,Ex,Y,SBrkr,864,0,0,864,0.0,0.0,1,0,2,1,TA,4,Typ,0,,Detchd,1951.0,Unf,2.0,400.0,TA,TA,Y,0,0,0,0,0,0,,,,0,6,2010,WD ,Normal,141000
527302110,20,RL,85.0,13175,Pave,,Reg,Lvl,AllPub,Inside,Gtl,NWAmes,Norm,Norm,1Fam,1Story,6,6,1978,1988,Gable,CompShg,Plywood,Plywood,Stone,119.0,TA,TA,CBlock,Gd,TA,No,ALQ,790.0,Rec,163.0,589.0,1542.0,GasA,TA,Y,SBrkr,2073,0,0,2073,1.0,0.0,2,0,3,1,TA,7,Min1,2,TA,Attchd,1978.0,Unf,2.0,500.0,TA,TA,Y,349,0,0,0,0,0,,MnPrv,,0,2,2010,WD ,Normal,210000
527358140,20,RL,105.0,11751,Pave,,IR1,Lvl,AllPub,Inside,Gtl,NWAmes,Norm,Norm,1Fam,1Story,6,6,1977,1977,Hip,CompShg,Plywood,Plywood,BrkFace,480.0,TA,TA,CBlock,Gd,TA,No,BLQ,705.0,Unf,0.0,1139.0,1844.0,GasA,Ex,Y,SBrkr,1844,0,0,1844,0.0,0.0,2,0,3,1,TA,7,Typ,1,TA,Attchd,1977.0,RFn,2.0,546.0,TA,TA,Y,0,122,0,0,0,0,,MnPrv,,0,1,2010,COD,Normal,190000
527358200,85,RL,85.0,10625,Pave,,Reg,Lvl,AllPub,Inside,Gtl,NWAmes,Norm,Norm,1Fam,SFoyer,7,6,1974,1974,Gable,CompShg,Plywood,Plywood,BrkFace,81.0,TA,TA,CBlock,Gd,TA,Gd,GLQ,885.0,LwQ,168.0,0.0,1053.0,GasA,TA,Y,SBrkr,1173,0,0,1173,1.0,0.0,2,0,3,1,Gd,6,Typ,2,TA,Attchd,1974.0,RFn,2.0,528.0,TA,TA,Y,0,120,0,0,0,0,,MnPrv,,0,1,2010,WD ,Family,170000
527368020,60,FV,,7500,Pave,,Reg,Lvl,AllPub,Inside,Gtl,Somerst,Norm,Norm,1Fam,2Story,7,5,2000,2000,Gable,CompShg,VinylSd,VinylSd,,0.0,Gd,TA,PConc,Gd,TA,No,GLQ,533.0,Unf,0.0,281.0,814.0,GasA,Ex,Y,SBrkr,814,860,0,1674,1.0,0.0,2,1,3,1,Gd,7,Typ,0,,Attchd,2000.0,RFn,2.0,663.0,TA,TA,Y,0,96,0,0,0,0,,,,0,1,2010,WD ,Normal,216000
527402200,20,RL,,11241,Pave,,IR1,Lvl,AllPub,CulDSac,Gtl,NAmes,Norm,Norm,1Fam,1Story,6,7,1970,1970,Gable,CompShg,Wd Sdng,Wd Sdng,BrkFace,180.0,TA,TA,CBlock,TA,TA,No,ALQ,578.0,Unf,0.0,426.0,1004.0,GasA,Ex,Y,SBrkr,1004,0,0,1004,1.0,0.0,1,0,2,1,TA,5,Typ,1,TA,Attchd,1970.0,Fin,2.0,480.0,TA,TA,Y,0,0,0,0,0,0,,,Shed,700,3,2010,WD ,Normal,149000
527402250,20,RL,,12537,Pave,,IR1,Lvl,AllPub,CulDSac,Gtl,NAmes,Norm,Norm,1Fam,1Story,5,6,1971,2008,Gable,CompShg,VinylSd,VinylSd,,0.0,TA,TA,CBlock,TA,TA,No,GLQ,734.0,Unf,0.0,344.0,1078.0,GasA,Ex,Y,SBrkr,1078,0,0,1078,1.0,0.0,1,1,3,1,TA,6,Typ,1,Fa,Attchd,1971.0,Fin,2.0,500.0,TA,TA,Y,0,0,0,0,0,0,,,,0,4,2010,WD ,Normal,149900
527403020,20,RL,65.0,8450,Pave,,Reg,Lvl,AllPub,Inside,Gtl,NAmes,Norm,Norm,1Fam,1Story,5,6,1968,1968,Gable,CompShg,VinylSd,VinylSd,,0.0,TA,TA,CBlock,TA,TA,No,BLQ,775.0,Unf,0.0,281.0,1056.0,GasA,Ex,Y,SBrkr,1056,0,0,1056,1.0,0.0,1,0,3,1,TA,6,Typ,1,Fa,Attchd,1968.0,Unf,1.0,304.0,TA,TA,Y,0,85,184,0,0,0,,,,0,7,2010,WD ,Normal,142000
527404120,20,RL,70.0,8400,Pave,,Reg,Lvl,AllPub,Corner,Gtl,NAmes,Norm,Norm,1Fam,1Story,4,5,1970,1970,Gable,CompShg,Plywood,Plywood,,0.0,TA,TA,CBlock,TA,TA,No,ALQ,804.0,Rec,78.0,0.0,882.0,GasA,TA,Y,SBrkr,882,0,0,882,1.0,0.0,1,0,2,1,TA,4,Typ,0,,Attchd,1970.0,Fin,2.0,525.0,TA,TA,Y,240,0,0,0,0,0,,MnPrv,,0,4,2010,WD ,Normal,126000
527425090,20,RL,70.0,10500,Pave,,Reg,Lvl,AllPub,FR2,Gtl,NAmes,Norm,Norm,1Fam,1Story,4,5,1971,1971,Gable,CompShg,HdBoard,HdBoard,,0.0,TA,TA,CBlock,TA,TA,No,ALQ,432.0,Unf,0.0,432.0,864.0,GasA,TA,Y,SBrkr,864,0,0,864,0.0,0.0,1,0,3,1,TA,5,Typ,1,Po,,,,0.0,0.0,,,Y,0,0,0,0,0,0,,,,0,4,2010,ConLI,Normal,115000
527427230,120,RH,26.0,5858,Pave,,IR1,Lvl,AllPub,FR2,Gtl,NAmes,Norm,Norm,TwnhsE,1Story,7,5,1999,1999,Gable,CompShg,MetalSd,MetalSd,,0.0,Gd,TA,PConc,Gd,TA,No,GLQ,1051.0,BLQ,0.0,354.0,1405.0,GasA,Ex,Y,SBrkr,1337,0,0,1337,1.0,0.0,2,0,2,1,Gd,5,Typ,1,Fa,Attchd,1999.0,Fin,2.0,511.0,TA,TA,Y,203,68,0,0,0,0,,,,0,6,2010,WD ,Normal,184000
527451180,160,RM,21.0,1680,Pave,,Reg,Lvl,AllPub,Inside,Gtl,BrDale,Norm,Norm,Twnhs,2Story,6,5,1971,1971,Gable,CompShg,HdBoard,HdBoard,BrkFace,504.0,TA,TA,CBlock,TA,TA,No,Rec,156.0,Unf,0.0,327.0,483.0,GasA,TA,Y,SBrkr,483,504,0,987,0.0,0.0,1,1,2,1,TA,5,Typ,0,,Detchd,1971.0,Unf,1.0,264.0,TA,TA,Y,275,0,0,0,0,0,,,,0,2,2010,COD,Normal,96000
527451330,160,RM,21.0,1680,Pave,,Reg,Lvl,AllPub,Inside,Gtl,BrDale,Norm,Norm,Twnhs,2Story,5,5,1971,1971,Gable,CompShg,HdBoard,HdBoard,BrkFace,492.0,TA,TA,CBlock,TA,TA,No,Rec,300.0,Unf,0.0,225.0,525.0,GasA,TA,Y,SBrkr,525,567,0,1092,0.0,0.0,1,1,3,1,TA,6,Typ,0,,Detchd,1997.0,Unf,1.0,320.0,TA,TA,Y,0,0,0,0,0,0,,,,0,3,2010,WD ,Normal,105500
527451410,160,RM,21.0,1680,Pave,,Reg,Lvl,AllPub,Inside,Gtl,BrDale,Norm,Norm,Twnhs,2Story,6,5,1971,1971,Gable,CompShg,HdBoard,ImStucc,BrkFace,381.0,TA,TA,CBlock,TA,TA,No,Unf,0.0,Unf,0.0,525.0,525.0,GasA,TA,Y,SBrkr,525,567,0,1092,0.0,0.0,1,1,3,1,TA,6,Typ,0,,Detchd,1971.0,Unf,1.0,264.0,TA,TA,Y,0,0,0,0,0,0,,,,0,3,2010,WD ,Family,88000
527452190,120,RL,53.0,4043,Pave,,Reg,Lvl,AllPub,Inside,Gtl,NPkVill,Norm,Norm,TwnhsE,1Story,6,5,1977,1977,Gable,CompShg,Plywood,Plywood,,0.0,TA,TA,CBlock,Gd,TA,No,ALQ,360.0,Unf,0.0,709.0,1069.0,GasA,TA,Y,SBrkr,1069,0,0,1069,0.0,0.0,2,0,2,1,TA,4,Typ,1,Fa,Attchd,1977.0,RFn,2.0,440.0,TA,TA,Y,0,55,0,0,165,0,,,,0,7,2010,WD ,Normal,127500
527453130,160,RL,24.0,2280,Pave,,Reg,Lvl,AllPub,FR2,Gtl,NPkVill,Norm,Norm,Twnhs,2Story,6,6,1975,1975,Gable,CompShg,Plywood,Brk Cmn,,0.0,TA,TA,CBlock,TA,TA,No,ALQ,514.0,Unf,0.0,341.0,855.0,GasA,TA,Y,SBrkr,855,601,0,1456,0.0,0.0,2,1,3,1,Gd,6,Typ,1,TA,Attchd,1975.0,Unf,2.0,440.0,TA,TA,Y,173,0,0,0,0,0,,,,0,6,2010,WD ,Normal,149900
527453150,120,RL,24.0,2280,Pave,,Reg,Lvl,AllPub,FR2,Gtl,NPkVill,Norm,Norm,Twnhs,1Story,7,6,1975,1975,Gable,CompShg,Plywood,Brk Cmn,,0.0,TA,TA,CBlock,Gd,TA,No,Unf,0.0,Unf,0.0,836.0,836.0,GasA,Ex,Y,SBrkr,836,0,0,836,0.0,0.0,1,0,2,1,TA,4,Typ,0,,Attchd,1975.0,Unf,1.0,308.0,TA,TA,Y,0,30,0,0,0,0,,,,0,6,2010,WD ,Normal,120000
527454200,160,RL,24.0,2280,Pave,,Reg,Lvl,AllPub,Inside,Gtl,NPkVill,Norm,Norm,Twnhs,2Story,6,5,1978,1978,Gable,CompShg,Plywood,Brk Cmn,,0.0,TA,TA,CBlock,Gd,TA,No,ALQ,311.0,Unf,0.0,544.0,855.0,GasA,Fa,Y,SBrkr,855,601,0,1456,0.0,0.0,2,1,3,1,TA,7,Typ,1,TA,Attchd,1978.0,Unf,2.0,440.0,TA,TA,Y,26,0,0,0,0,0,,,,0,7,2010,WD ,Normal,146000
528108120,60,RL,102.0,12858,Pave,,IR1,Lvl,AllPub,Inside,Gtl,NridgHt,Norm,Norm,1Fam,2Story,9,5,2009,2010,Gable,CompShg,VinylSd,VinylSd,Stone,162.0,Ex,TA,PConc,Ex,TA,No,Unf,0.0,Unf,0.0,1590.0,1590.0,GasA,Ex,Y,SBrkr,1627,707,0,2334,0.0,0.0,2,1,3,1,Ex,10,Typ,1,Gd,Attchd,2009.0,Fin,3.0,751.0,TA,TA,Y,144,133,0,0,0,0,,,,0,1,2010,New,Partial,376162
528112020,20,RL,98.0,11478,Pave,,Reg,Lvl,AllPub,Inside,Gtl,NridgHt,Norm,Norm,1Fam,1Story,8,5,2007,2008,Gable,CompShg,VinylSd,VinylSd,Stone,200.0,Gd,TA,PConc,Ex,TA,No,GLQ,1218.0,Unf,0.0,486.0,1704.0,GasA,Ex,Y,SBrkr,1704,0,0,1704,1.0,0.0,2,0,3,1,Gd,7,Typ,1,Gd,Attchd,2008.0,RFn,3.0,772.0,TA,TA,Y,0,50,0,0,0,0,,,,0,5,2010,WD ,Normal,306000
528120060,20,RL,83.0,10159,Pave,,IR1,Lvl,AllPub,Inside,Gtl,NridgHt,Norm,Norm,1Fam,1Story,9,5,2009,2010,Hip,CompShg,VinylSd,VinylSd,Stone,450.0,Ex,TA,PConc,Ex,TA,Av,GLQ,1646.0,Unf,0.0,284.0,1930.0,GasA,Ex,Y,SBrkr,1940,0,0,1940,1.0,0.0,2,1,3,1,Ex,8,Typ,1,Gd,Attchd,2010.0,Fin,3.0,606.0,TA,TA,Y,168,95,0,0,0,0,,,,0,4,2010,New,Partial,395192
528120090,20,RL,94.0,12883,Pave,,IR1,Lvl,AllPub,Corner,Gtl,NridgHt,Norm,Norm,1Fam,1Story,8,5,2009,2010,Gable,CompShg,VinylSd,VinylSd,Stone,256.0,Gd,TA,PConc,Gd,TA,No,Unf,0.0,Unf,0.0,1544.0,1544.0,GasA,Ex,Y,SBrkr,1544,0,0,1544,0.0,0.0,2,0,3,1,Gd,7,Typ,0,,Attchd,2009.0,RFn,3.0,868.0,TA,TA,Y,0,35,0,0,0,0,,,,0,6,2010,New,Partial,290941
528120100,20,RL,95.0,12182,Pave,,Reg,Lvl,AllPub,Corner,Gtl,NridgHt,Norm,Norm,1Fam,1Story,7,5,2005,2005,Gable,CompShg,VinylSd,VinylSd,BrkFace,226.0,Gd,TA,PConc,Gd,TA,Mn,BLQ,1201.0,Unf,0.0,340.0,1541.0,GasA,Ex,Y,SBrkr,1541,0,0,1541,0.0,0.0,2,0,3,1,Gd,7,Typ,1,Gd,Attchd,2005.0,RFn,2.0,532.0,TA,TA,Y,0,70,0,0,0,0,,,,0,5,2010,New,Partial,220000
528120120,20,RL,90.0,11520,Pave,,Reg,Lvl,AllPub,Inside,Gtl,NridgHt,PosN,Norm,1Fam,1Story,9,5,2005,2005,Hip,CompShg,VinylSd,VinylSd,BrkFace,615.0,Gd,TA,PConc,Ex,TA,No,GLQ,110.0,Unf,0.0,1588.0,1698.0,GasA,Ex,Y,SBrkr,1698,0,0,1698,0.0,0.0,2,0,3,1,Ex,7,Typ,1,Gd,Attchd,2005.0,Fin,3.0,730.0,TA,TA,Y,192,74,0,0,0,0,,,,0,6,2010,WD ,Normal,275000
528138020,20,RL,79.0,14122,Pave,,IR1,Lvl,AllPub,Inside,Gtl,NridgHt,Norm,Norm,1Fam,1Story,8,5,2005,2006,Hip,CompShg,CemntBd,CmentBd,BrkFace,240.0,Gd,TA,PConc,Ex,TA,No,GLQ,28.0,Unf,0.0,1794.0,1822.0,GasA,Ex,Y,SBrkr,1822,0,0,1822,0.0,0.0,2,0,3,1,Ex,8,Typ,1,Gd,Attchd,2005.0,RFn,3.0,678.0,TA,TA,Y,0,119,0,0,0,0,,,,0,2,2010,WD ,Normal,259000
528138060,20,RL,70.0,10171,Pave,,IR1,Lvl,AllPub,Inside,Gtl,NridgHt,Norm,Norm,1Fam,1Story,7,5,2004,2004,Gable,CompShg,VinylSd,VinylSd,BrkFace,168.0,Gd,TA,PConc,Gd,TA,No,GLQ,2.0,Unf,0.0,1515.0,1517.0,GasA,Ex,Y,SBrkr,1535,0,0,1535,0.0,0.0,2,0,3,1,Gd,7,Typ,0,,Attchd,2004.0,RFn,2.0,532.0,TA,TA,Y,0,0,0,0,0,0,,,,0,3,2010,WD ,Normal,214000
528150070,20,RL,100.0,12919,Pave,,IR1,Lvl,AllPub,Inside,Gtl,NridgHt,Norm,Norm,1Fam,1Story,9,5,2009,2010,Hip,CompShg,VinylSd,VinylSd,Stone,760.0,Ex,TA,PConc,Ex,TA,Gd,GLQ,2188.0,Unf,0.0,142.0,2330.0,GasA,Ex,Y,SBrkr,2364,0,0,2364,1.0,0.0,2,1,2,1,Ex,11,Typ,2,Gd,Attchd,2009.0,Fin,3.0,820.0,TA,TA,Y,0,67,0,0,0,0,,,,0,3,2010,New,Partial,611657
528175010,120,RL,44.0,6371,Pave,,IR1,Lvl,AllPub,Inside,Gtl,NridgHt,Norm,Norm,TwnhsE,1Story,7,5,2009,2010,Gable,CompShg,VinylSd,VinylSd,Stone,128.0,Gd,TA,PConc,Gd,TA,Mn,GLQ,733.0,Unf,0.0,625.0,1358.0,GasA,Ex,Y,SBrkr,1358,0,0,1358,1.0,0.0,2,0,2,1,Gd,6,Typ,1,Gd,Attchd,2010.0,RFn,2.0,484.0,TA,TA,Y,192,35,0,0,0,0,,,,0,6,2010,New,Partial,224000
528176010,20,RL,110.0,14300,Pave,,Reg,HLS,AllPub,Inside,Mod,NridgHt,Norm,Norm,1Fam,1Story,9,5,2003,2004,Hip,CompShg,VinylSd,VinylSd,BrkFace,1095.0,Ex,TA,PConc,Ex,TA,Gd,GLQ,1373.0,Unf,0.0,1473.0,2846.0,GasA,Ex,Y,SBrkr,2696,0,0,2696,1.0,0.0,2,1,3,1,Ex,10,Typ,2,Gd,Attchd,2003.0,Fin,3.0,958.0,TA,TA,Y,220,150,0,0,0,0,,,,0,6,2010,WD ,Normal,500000
528176070,60,RL,105.0,13650,Pave,,Reg,Lvl,AllPub,Corner,Gtl,NridgHt,Norm,Norm,1Fam,2Story,8,5,2002,2002,Gable,CompShg,VinylSd,VinylSd,BrkFace,232.0,Gd,TA,PConc,Gd,TA,Gd,GLQ,578.0,Unf,0.0,1093.0,1671.0,GasA,Ex,Y,SBrkr,1687,563,0,2250,1.0,0.0,2,1,3,1,Gd,7,Typ,1,Ex,Attchd,2002.0,Fin,3.0,756.0,TA,TA,Y,238,130,0,0,0,0,,,,0,6,2010,WD ,Normal,320000
528180070,120,RL,61.0,7658,Pave,,Reg,Lvl,AllPub,Inside,Gtl,NridgHt,Norm,Norm,TwnhsE,1Story,9,5,2005,2005,Hip,CompShg,MetalSd,MetalSd,BrkFace,412.0,Ex,TA,PConc,Ex,TA,No,GLQ,456.0,Unf,0.0,1296.0,1752.0,GasA,Ex,Y,SBrkr,1752,0,0,1752,1.0,0.0,2,0,2,1,Ex,6,Typ,1,Gd,Attchd,2005.0,RFn,2.0,576.0,TA,TA,Y,196,82,0,0,0,0,,,,0,2,2010,WD ,Normal,319900
528181050,120,RL,41.0,7132,Pave,,IR1,Lvl,AllPub,Inside,Gtl,NridgHt,Norm,Norm,TwnhsE,1Story,8,5,2006,2006,Gable,CompShg,VinylSd,VinylSd,Stone,178.0,Gd,TA,PConc,Gd,TA,Mn,GLQ,24.0,Unf,0.0,1346.0,1370.0,GasA,Ex,Y,SBrkr,1370,0,0,1370,0.0,0.0,2,0,2,1,Gd,6,Typ,1,Gd,Attchd,2006.0,RFn,2.0,484.0,TA,TA,Y,120,49,0,0,0,0,,,,0,4,2010,WD ,Normal,205000
